Numero pendiente,latitude,longitude,fecha,anomalia
1,42.222308069314096,-7.749821683345044,2024-02-27 17:02:46.439314,True
1,42.22194051531893,-7.748871382991839,2024-02-27 17:07:46.439314,True
1,42.22268901232241,-7.748472130477307,2024-02-27 17:12:46.439314,True
1,42.22271400264021,-7.7490418255207425,2024-02-27 17:17:46.439314,True
1,42.2221722869038,-7.750628281419579,2024-02-27 17:22:46.439314,True
1,42.22226245758192,-7.749111275111264,2024-02-27 17:27:46.439314,True
1,42.22215603846601,-7.7494558414024235,2024-02-27 17:32:46.439314,True
1,42.22220213127211,-7.750281493097808,2024-02-27 17:37:46.439314,True
1,42.22219414858443,-7.749982678766653,2024-02-27 17:42:46.439314,True
1,42.22222254870067,-7.748817826707749,2024-02-27 17:47:46.439314,False
1,42.22217832479677,-7.749132953188047,2024-02-27 17:52:46.439314,True
1,42.22978015941214,-7.750451819949614,2024-02-27 17:57:46.439314,True
1,42.22635825295267,-7.748292541269773,2024-02-27 18:02:46.439314,True
1,42.21938965486348,-7.755519095757557,2024-02-27 18:07:46.439314,True
1,42.22531932955546,-7.753626664306835,2024-02-27 18:12:46.439314,True
1,42.22189162929556,-7.754109493450514,2024-02-27 18:17:46.439314,True
1,42.2216178785086,-7.7581777020248275,2024-02-27 18:22:46.439314,True
1,42.22751794381445,-7.745412743145307,2024-02-27 18:27:46.439314,True
1,42.22050101472835,-7.7510177974123184,2024-02-27 18:32:46.439314,True
1,42.21724640394653,-7.7465012497404215,2024-02-27 18:37:46.439314,True
1,42.22259215293707,-7.749670784610359,2024-02-27 18:42:46.439314,True
1,42.21807181059469,-7.748790624939647,2024-02-27 18:47:46.439314,True
1,42.222438423339995,-7.751148663016763,2024-02-27 18:52:46.439314,True
1,42.22122404226791,-7.742974218889304,2024-02-27 18:57:46.439314,True
1,42.22612721572303,-7.743918052489733,2024-02-27 19:02:46.439314,True
1,42.2281112399814,-7.7542114762936265,2024-02-27 19:07:46.439314,True
1,42.226443226662695,-7.747889359834437,2024-02-27 19:12:46.439314,True
1,42.22013803623932,-7.748057838583984,2024-02-27 19:17:46.439314,True
1,42.224533077948315,-7.745769866482213,2024-02-27 19:22:46.439314,True
1,42.21708536460421,-7.756657101171753,2024-02-27 19:27:46.439314,True
1,42.21825687810454,-7.74875418438415,2024-02-27 19:32:46.439314,True
1,42.21235481016792,-7.745727433188817,2024-02-27 19:37:46.439314,True
1,42.22403015280908,-7.74750283390037,2024-02-27 19:42:46.439314,True
1,42.218860695520185,-7.743187979700503,2024-02-27 19:47:46.439314,True
1,42.2216746737622,-7.758508692149661,2024-02-27 19:52:46.439314,True
1,42.22322325584805,-7.75183178308277,2024-02-27 19:57:46.439314,True
1,42.2225101146276,-7.750338985816217,2024-02-27 20:02:46.439314,True
1,42.22545684886331,-7.754297703598438,2024-02-27 20:07:46.439314,True
1,42.232168206974094,-7.744039680866464,2024-02-27 20:12:46.439314,True
1,42.22071362558029,-7.753994769568502,2024-02-27 20:17:46.439314,True
1,42.22535325732692,-7.7506577105675545,2024-02-27 20:22:46.439314,True
1,42.216731165099354,-7.748906124938969,2024-02-27 20:27:46.439314,True
1,42.217746499050484,-7.747989744779389,2024-02-27 20:32:46.439314,True
1,42.225193101634105,-7.749285939191004,2024-02-27 20:37:46.439314,True
1,42.21333626394301,-7.751667260725224,2024-02-27 20:42:46.439314,True
1,42.22010833087802,-7.751038215032681,2024-02-27 20:47:46.439314,True
1,42.222033743475734,-7.752793961118176,2024-02-27 20:52:46.439314,True
1,42.221182785209386,-7.744769208802375,2024-02-27 20:57:46.439314,True
1,42.22627014769327,-7.747043565038394,2024-02-27 21:02:46.439314,True
1,42.223828919471345,-7.752965645318904,2024-02-27 21:07:46.439314,True
1,42.21824520610455,-7.749081506141771,2024-02-27 21:12:46.439314,True
1,42.230228558003546,-7.750520446318171,2024-02-27 21:17:46.439314,True
1,42.22038735740572,-7.744114649663393,2024-02-27 21:22:46.439314,True
1,42.22809250651433,-7.751612625622862,2024-02-27 21:27:46.439314,True
1,42.22128825886558,-7.748669442927813,2024-02-27 21:32:46.439314,True
1,42.21837635204031,-7.7494872175505565,2024-02-27 21:37:46.439314,True
1,42.229627578881136,-7.748846686125798,2024-02-27 21:42:46.439314,True
1,42.21589871962764,-7.753864518733888,2024-02-27 21:47:46.439314,True
1,42.22162411008627,-7.741962979918943,2024-02-27 21:52:46.439314,True
1,42.22209973406783,-7.740388442135407,2024-02-27 21:57:46.439314,True
1,42.22676983363455,-7.748269966034577,2024-02-27 22:02:46.439314,True
1,42.2228849055238,-7.7517047256171585,2024-02-27 22:07:46.439314,True
1,42.22098635130109,-7.75086160285729,2024-02-27 22:12:46.439314,True
1,42.23550193001358,-7.743497179230384,2024-02-27 22:17:46.439314,True
1,42.2266489930618,-7.754819747638163,2024-02-27 22:22:46.439314,True
1,42.23022921214544,-7.746999850049007,2024-02-27 22:27:46.439314,True
1,42.228986564290416,-7.750406926941922,2024-02-27 22:32:46.439314,True
1,42.22995013312961,-7.746684795209916,2024-02-27 22:37:46.439314,True
1,42.21531820023986,-7.749782085915426,2024-02-27 22:42:46.439314,True
1,42.218030476618985,-7.750779883016552,2024-02-27 22:47:46.439314,True
1,42.219973724601324,-7.754201603013154,2024-02-27 22:52:46.439314,True
1,42.22537964543271,-7.74993439883172,2024-02-27 22:57:46.439314,True
1,42.22729779191598,-7.743465918125,2024-02-27 23:02:46.439314,True
1,42.22203146432368,-7.7498821149919825,2024-02-27 23:07:46.439314,True
1,42.2242557913466,-7.753432886784153,2024-02-27 23:12:46.439314,True
1,42.22795748979905,-7.75195138643896,2024-02-27 23:17:46.439314,True
1,42.21987064713608,-7.750572488682278,2024-02-27 23:22:46.439314,True
1,42.22145444619861,-7.748739767265051,2024-02-27 23:27:46.439314,True
1,42.224015123685774,-7.747480569597236,2024-02-27 23:32:46.439314,True
1,42.220096862634534,-7.750792692307748,2024-02-27 23:37:46.439314,True
1,42.22287280193735,-7.750194364345149,2024-02-27 23:42:46.439314,True
1,42.219393696732595,-7.753501260438443,2024-02-27 23:47:46.439314,True
1,42.224485020240046,-7.741703695207421,2024-02-27 23:52:46.439314,True
1,42.227237277893714,-7.745866960076348,2024-02-27 23:57:46.439314,True
1,42.219537873258204,-7.748439905844404,2024-02-28 00:02:46.439314,True
1,42.22486712196659,-7.748913991184103,2024-02-28 00:07:46.439314,True
1,42.2256682546997,-7.7493377653134665,2024-02-28 00:12:46.439314,True
1,42.22166876160042,-7.7471532231053475,2024-02-28 00:17:46.439314,True
1,42.220113993763604,-7.7475288865342415,2024-02-28 00:22:46.439314,True
1,42.22228741606382,-7.748504317356204,2024-02-28 00:27:46.439314,False
1,42.225244451536796,-7.74549849589897,2024-02-28 00:32:46.439314,True
1,42.21838847365429,-7.746654354473622,2024-02-28 00:37:46.439314,True
1,42.22002640704576,-7.745870422720782,2024-02-28 00:42:46.439314,True
1,42.21640955342645,-7.749571232705562,2024-02-28 00:47:46.439314,True
1,42.21984677016903,-7.750790813916105,2024-02-28 00:52:46.439314,True
1,42.223266855921864,-7.739306138527202,2024-02-28 00:57:46.439314,True
1,42.22261247563563,-7.74127623733598,2024-02-28 01:02:46.439314,True
1,42.22336187135319,-7.749872589062083,2024-02-28 01:07:46.439314,True
1,42.22287367434858,-7.746410058049542,2024-02-28 01:12:46.439314,True
2,42.22243591303857,-7.750457054030368,2024-02-27 17:02:46.494318,True
2,42.22161904433896,-7.749181288889591,2024-02-27 17:07:46.494318,True
2,42.22236758005265,-7.749752415727408,2024-02-27 17:12:46.494318,False
2,42.219007706317605,-7.747347555205108,2024-02-27 17:17:46.494318,True
2,42.22422736293084,-7.74995989128667,2024-02-27 17:22:46.494318,True
2,42.22290322770983,-7.754508000462945,2024-02-27 17:27:46.494318,True
2,42.226246765459365,-7.737903783651119,2024-02-27 17:32:46.494318,True
2,42.214316739507645,-7.753110812247993,2024-02-27 17:37:46.494318,True
2,42.22090156149043,-7.752836404605609,2024-02-27 17:42:46.494318,True
2,42.223328729233195,-7.7492470822099175,2024-02-27 17:47:46.494318,True
2,42.21922165624975,-7.759290659431467,2024-02-27 17:52:46.494318,True
2,42.22327583993121,-7.748472489371046,2024-02-27 17:57:46.494318,True
2,42.22497675654041,-7.744930060059476,2024-02-27 18:02:46.494318,True
2,42.226991225170615,-7.742717634858826,2024-02-27 18:07:46.494318,True
2,42.22412810755654,-7.7449741313516896,2024-02-27 18:12:46.494318,True
2,42.227774257395055,-7.744828357537308,2024-02-27 18:17:46.494318,True
2,42.22456462698934,-7.747901685284425,2024-02-27 18:22:46.494318,True
2,42.21676874036773,-7.74604867891459,2024-02-27 18:27:46.494318,True
2,42.221771112025166,-7.743491325098058,2024-02-27 18:32:46.494318,True
2,42.22366585517429,-7.747044314729154,2024-02-27 18:37:46.494318,True
2,42.22315585240178,-7.751536598357456,2024-02-27 18:42:46.494318,True
2,42.21960268942044,-7.749232310975463,2024-02-27 18:47:46.494318,True
2,42.22534854114928,-7.754697930600441,2024-02-27 18:52:46.494318,True
2,42.22193924459115,-7.750736044558524,2024-02-27 18:57:46.494318,True
2,42.21475655961697,-7.751701900149414,2024-02-27 19:02:46.494318,True
2,42.22156128335703,-7.747957140288978,2024-02-27 19:07:46.494318,True
2,42.21807493937992,-7.754997228004422,2024-02-27 19:12:46.494318,True
2,42.22664865920828,-7.753292749181727,2024-02-27 19:17:46.494318,True
2,42.21856973114756,-7.751045689734672,2024-02-27 19:22:46.494318,True
2,42.22653652735686,-7.748501763155944,2024-02-27 19:27:46.494318,True
2,42.22221615802012,-7.746216675671277,2024-02-27 19:32:46.494318,True
2,42.22374893278156,-7.74891669340827,2024-02-27 19:37:46.494318,True
2,42.228976863292374,-7.750401005270007,2024-02-27 19:42:46.494318,True
2,42.21157304213858,-7.746029478445045,2024-02-27 19:47:46.494318,True
2,42.210371984780345,-7.749252301352034,2024-02-27 19:52:46.494318,True
2,42.226480805089075,-7.752219232716572,2024-02-27 19:57:46.494318,True
2,42.22502962381224,-7.75010598701133,2024-02-27 20:02:46.494318,True
2,42.22499632465427,-7.749452503588855,2024-02-27 20:07:46.494318,True
2,42.22097980275637,-7.747842725468406,2024-02-27 20:12:46.494318,True
2,42.22600446397302,-7.751064437042065,2024-02-27 20:17:46.494318,True
2,42.22327440987567,-7.74988421354627,2024-02-27 20:22:46.494318,True
2,42.22238511359235,-7.752797547465762,2024-02-27 20:27:46.494318,True
2,42.22041497703501,-7.752861402298174,2024-02-27 20:32:46.494318,True
2,42.22199446255938,-7.7478316030670955,2024-02-27 20:37:46.494318,True
2,42.219250860012245,-7.750774930908124,2024-02-27 20:42:46.494318,True
2,42.228536344747056,-7.7512426233760605,2024-02-27 20:47:46.494318,True
2,42.220970767574094,-7.751298883648823,2024-02-27 20:52:46.494318,True
2,42.22933239629051,-7.7495708551146825,2024-02-27 20:57:46.494318,True
2,42.22325498437835,-7.745062677459167,2024-02-27 21:02:46.494318,True
2,42.22971628119958,-7.751914264959847,2024-02-27 21:07:46.494318,True
2,42.223648946564005,-7.740944380527236,2024-02-27 21:12:46.494318,True
2,42.21740436711709,-7.7534310609552675,2024-02-27 21:17:46.494318,True
2,42.22964022976245,-7.741436039647851,2024-02-27 21:22:46.494318,True
2,42.217863043873564,-7.745636014365717,2024-02-27 21:27:46.494318,True
2,42.21814944398294,-7.745575129413959,2024-02-27 21:32:46.494318,True
2,42.220581420773925,-7.752157223345668,2024-02-27 21:37:46.494318,True
2,42.22184337306117,-7.748077018662323,2024-02-27 21:42:46.494318,True
2,42.22501954695766,-7.751265711752987,2024-02-27 21:47:46.494318,True
2,42.21705197391643,-7.756651836866509,2024-02-27 21:52:46.494318,True
2,42.22497336576501,-7.7434966357817405,2024-02-27 21:57:46.494318,True
2,42.2224831878714,-7.750953429955036,2024-02-27 22:02:46.494318,True
2,42.223631068070645,-7.746419179501062,2024-02-27 22:07:46.494318,True
2,42.22159896567972,-7.745823959339687,2024-02-27 22:12:46.494318,True
2,42.2319397941324,-7.742812180418836,2024-02-27 22:17:46.494318,True
2,42.21969218389339,-7.746430357567303,2024-02-27 22:22:46.494318,True
2,42.22454494920759,-7.754069703622659,2024-02-27 22:27:46.494318,True
2,42.22191175366677,-7.754559212472236,2024-02-27 22:32:46.494318,True
2,42.22130864818167,-7.749340094907891,2024-02-27 22:37:46.494318,False
2,42.212969172187165,-7.745415921507927,2024-02-27 22:42:46.494318,True
2,42.217773515420646,-7.750362059081917,2024-02-27 22:47:46.494318,True
2,42.215936256768515,-7.7478835323818505,2024-02-27 22:52:46.494318,True
2,42.22241489431175,-7.749158891379336,2024-02-27 22:57:46.494318,True
2,42.22382992012106,-7.748451376691358,2024-02-27 23:02:46.494318,True
2,42.21858829754718,-7.740899465196253,2024-02-27 23:07:46.494318,True
2,42.22266675218393,-7.745884041995227,2024-02-27 23:12:46.494318,True
2,42.223525201438086,-7.747115996794251,2024-02-27 23:17:46.494318,True
2,42.22533956792015,-7.753878291967741,2024-02-27 23:22:46.494318,True
2,42.219829431927565,-7.74271548228578,2024-02-27 23:27:46.494318,True
2,42.22643795717318,-7.744420329147208,2024-02-27 23:32:46.494318,True
2,42.2245831402755,-7.744298284356323,2024-02-27 23:37:46.494318,True
2,42.22250249016065,-7.750321876287344,2024-02-27 23:42:46.494318,True
2,42.221126231982325,-7.746091445137935,2024-02-27 23:47:46.494318,True
2,42.22406828932995,-7.74985309232051,2024-02-27 23:52:46.494318,True
2,42.22002536724411,-7.749516776362868,2024-02-27 23:57:46.494318,True
2,42.22178499904074,-7.749224686939708,2024-02-28 00:02:46.494318,True
2,42.22231477939182,-7.7543123952571555,2024-02-28 00:07:46.494318,True
2,42.22341525720484,-7.753201691448483,2024-02-28 00:12:46.494318,True
2,42.22520752000581,-7.747921981882508,2024-02-28 00:17:46.494318,True
2,42.22980085894082,-7.752734597765609,2024-02-28 00:22:46.494318,True
2,42.219642547507185,-7.75323522719112,2024-02-28 00:27:46.494318,True
2,42.222074107503154,-7.7513357675212005,2024-02-28 00:32:46.494318,True
2,42.22037797508461,-7.750493249576082,2024-02-28 00:37:46.494318,True
2,42.215368520482066,-7.742745865690477,2024-02-28 00:42:46.494318,True
2,42.220728345460664,-7.753010434291328,2024-02-28 00:47:46.494318,True
2,42.222419808073745,-7.745237205272126,2024-02-28 00:52:46.494318,True
2,42.226240922674315,-7.747991496504086,2024-02-28 00:57:46.494318,True
2,42.220117470979574,-7.747430021211654,2024-02-28 01:02:46.494318,True
2,42.22050529921872,-7.7555987554086245,2024-02-28 01:07:46.494318,True
2,42.22119048574547,-7.74561036415178,2024-02-28 01:12:46.494318,True
3,42.2217976541893,-7.749498614049185,2024-02-27 17:02:46.544320,True
3,42.22266188015346,-7.749842854945319,2024-02-27 17:07:46.544320,True
3,42.22282865267415,-7.748528506625499,2024-02-27 17:12:46.544320,True
3,42.22284632365436,-7.7487299507967435,2024-02-27 17:17:46.544320,True
3,42.22202859789636,-7.749407040139741,2024-02-27 17:22:46.544320,True
3,42.221512806165975,-7.749281865433642,2024-02-27 17:27:46.544320,True
3,42.221813147169115,-7.749590485500579,2024-02-27 17:32:46.544320,True
3,42.221948255562424,-7.749125353974936,2024-02-27 17:37:46.544320,True
3,42.22218282780265,-7.749331667376694,2024-02-27 17:42:46.544320,True
3,42.222149109882075,-7.748653733412815,2024-02-27 17:47:46.544320,True
3,42.22267871555998,-7.748987031837867,2024-02-27 17:52:46.544320,True
3,42.222443861625926,-7.750669850629383,2024-02-27 17:57:46.544320,True
3,42.22175356751974,-7.749026947497729,2024-02-27 18:02:46.544320,True
3,42.221574746403014,-7.7492715815148125,2024-02-27 18:07:46.544320,True
3,42.222377661227235,-7.749836173216947,2024-02-27 18:12:46.544320,True
3,42.221994374357394,-7.749120877531036,2024-02-27 18:17:46.544320,True
3,42.22270416438135,-7.748849712809834,2024-02-27 18:22:46.544320,True
3,42.22183251532313,-7.7493286036340905,2024-02-27 18:27:46.544320,True
3,42.222726740193394,-7.749466283563464,2024-02-27 18:32:46.544320,True
3,42.2223449433647,-7.7493084807498605,2024-02-27 18:37:46.544320,True
3,42.22193487517076,-7.749214499247982,2024-02-27 18:42:46.544320,True
3,42.222676879650116,-7.749704734722837,2024-02-27 18:47:46.544320,True
3,42.22260499382531,-7.748916403695696,2024-02-27 18:52:46.544320,True
3,42.2217767539447,-7.749424335535605,2024-02-27 18:57:46.544320,True
3,42.2226602954321,-7.74848266920235,2024-02-27 19:02:46.544320,True
3,42.222610498961984,-7.749271266435941,2024-02-27 19:07:46.544320,True
3,42.22228767434423,-7.749609102707063,2024-02-27 19:12:46.544320,True
3,42.2227697258049,-7.749071865889472,2024-02-27 19:17:46.544320,True
3,42.2222041011138,-7.750082139215474,2024-02-27 19:22:46.544320,True
3,42.222718756712965,-7.7497448937004005,2024-02-27 19:27:46.544320,True
3,42.222612606243814,-7.750049246907198,2024-02-27 19:32:46.544320,True
3,42.22204528960613,-7.750401882027767,2024-02-27 19:37:46.544320,True
3,42.22148462860433,-7.749061292240536,2024-02-27 19:42:46.544320,True
3,42.22260084829522,-7.749975835149013,2024-02-27 19:47:46.544320,True
3,42.222113053422106,-7.7504609979247725,2024-02-27 19:52:46.544320,True
3,42.22256512485677,-7.749248085387434,2024-02-27 19:57:46.544320,True
3,42.2223087264732,-7.748923708693478,2024-02-27 20:02:46.544320,True
3,42.222532724811686,-7.749620454627527,2024-02-27 20:07:46.544320,True
3,42.22268140486767,-7.748690162288541,2024-02-27 20:12:46.544320,True
3,42.222576712359576,-7.74863136643438,2024-02-27 20:17:46.544320,True
3,42.22202937641816,-7.748971237807028,2024-02-27 20:22:46.544320,True
3,42.2220217557927,-7.748962038674356,2024-02-27 20:27:46.544320,True
3,42.22238575142896,-7.748699883038559,2024-02-27 20:32:46.544320,True
3,42.222294031931625,-7.749152836922974,2024-02-27 20:37:46.544320,True
3,42.22174254310532,-7.749372626723586,2024-02-27 20:42:46.544320,True
3,42.22126057622993,-7.74940639658728,2024-02-27 20:47:46.544320,True
3,42.22233372957295,-7.749858975578689,2024-02-27 20:52:46.544320,True
3,42.222507626918116,-7.750050776268556,2024-02-27 20:57:46.544320,True
3,42.22264711874341,-7.749767832325957,2024-02-27 21:02:46.544320,True
3,42.22151895966966,-7.749039323356811,2024-02-27 21:07:46.544320,True
3,42.221898947446874,-7.749003456767033,2024-02-27 21:12:46.544320,True
3,42.22236050897763,-7.749355047559195,2024-02-27 21:17:46.544320,True
3,42.22236819714128,-7.749312328279632,2024-02-27 21:22:46.544320,True
3,42.22227809143942,-7.749403654576804,2024-02-27 21:27:46.544320,True
3,42.22158837604129,-7.7490004364664085,2024-02-27 21:32:46.544320,True
3,42.22245580996897,-7.74944923252552,2024-02-27 21:37:46.544320,True
3,42.222282537848756,-7.749281112244573,2024-02-27 21:42:46.544320,True
3,42.222615980278086,-7.749003643622821,2024-02-27 21:47:46.544320,True
3,42.222720575821214,-7.749432247506977,2024-02-27 21:52:46.544320,True
3,42.22224775532606,-7.750604881892523,2024-02-27 21:57:46.544320,True
3,42.22250258745877,-7.750025334500759,2024-02-27 22:02:46.544320,True
3,42.22241721879437,-7.748521988754697,2024-02-27 22:07:46.544320,True
3,42.22201177383436,-7.7504955393237465,2024-02-27 22:12:46.544320,True
3,42.222262808998714,-7.749606908023429,2024-02-27 22:17:46.544320,False
3,42.2213824099933,-7.757841473532503,2024-02-27 22:22:46.544320,True
3,42.22405224825344,-7.746395918158617,2024-02-27 22:27:46.544320,True
3,42.226897990861346,-7.748311521530308,2024-02-27 22:32:46.544320,True
3,42.22202526970944,-7.7526162351189996,2024-02-27 22:37:46.544320,True
3,42.22329636835505,-7.744940558320868,2024-02-27 22:42:46.544320,True
3,42.2170327781563,-7.74428693272193,2024-02-27 22:47:46.544320,True
3,42.22612911621718,-7.750187833999082,2024-02-27 22:52:46.544320,True
3,42.21829338964443,-7.756764801340135,2024-02-27 22:57:46.544320,True
3,42.21719559080117,-7.751177421790137,2024-02-27 23:02:46.544320,True
3,42.23375358610835,-7.749977607486022,2024-02-27 23:07:46.544320,True
3,42.22019970083724,-7.758739989955873,2024-02-27 23:12:46.544320,True
3,42.220043192134995,-7.749121590973052,2024-02-27 23:17:46.544320,True
3,42.20956745984265,-7.749231380488521,2024-02-27 23:22:46.544320,True
3,42.22244504761842,-7.750105199609472,2024-02-27 23:27:46.544320,False
3,42.22112590040758,-7.749351933113586,2024-02-27 23:32:46.544320,True
3,42.22291291543151,-7.745938941962418,2024-02-27 23:37:46.544320,True
3,42.22004905894259,-7.751839773444248,2024-02-27 23:42:46.544320,True
3,42.22039360970765,-7.745258558635834,2024-02-27 23:47:46.544320,True
3,42.22047479459455,-7.746313433524265,2024-02-27 23:52:46.544320,True
3,42.21604835302085,-7.753519504133346,2024-02-27 23:57:46.544320,True
3,42.21798213797844,-7.7476537572719995,2024-02-28 00:02:46.544320,True
3,42.22384724739618,-7.7420544134436255,2024-02-28 00:07:46.544320,True
3,42.22941777941042,-7.757372927338851,2024-02-28 00:12:46.544320,True
3,42.22485574996827,-7.750532200160225,2024-02-28 00:17:46.544320,True
3,42.2239769507665,-7.745365524162519,2024-02-28 00:22:46.544320,True
3,42.21975044117489,-7.75495083195439,2024-02-28 00:27:46.544320,True
3,42.22932974488088,-7.74669398002338,2024-02-28 00:32:46.544320,True
3,42.21869764133718,-7.747191200736124,2024-02-28 00:37:46.544320,True
3,42.22764771273593,-7.758411083763557,2024-02-28 00:42:46.544320,True
3,42.22529228297232,-7.7568655795227395,2024-02-28 00:47:46.544320,True
3,42.22225740038471,-7.752941094447548,2024-02-28 00:52:46.544320,True
3,42.21431928983778,-7.752981960375791,2024-02-28 00:57:46.544320,True
3,42.2298644075342,-7.7593369833123536,2024-02-28 01:02:46.544320,True
3,42.219146891564385,-7.746852017928711,2024-02-28 01:07:46.544320,True
3,42.22466267455593,-7.744559019272192,2024-02-28 01:12:46.544320,True
4,42.22262458303143,-7.749229838856005,2024-02-27 17:02:46.607326,True
4,42.22165434726533,-7.749198970656294,2024-02-27 17:07:46.607326,True
4,42.22198501642359,-7.750568562778213,2024-02-27 17:12:46.607326,True
4,42.22198298866005,-7.749034991480155,2024-02-27 17:17:46.607326,True
4,42.22237588637356,-7.750232133878159,2024-02-27 17:22:46.607326,True
4,42.2223178998097,-7.748826879518713,2024-02-27 17:27:46.607326,True
4,42.2224950797874,-7.748836991876453,2024-02-27 17:32:46.607326,True
4,42.22188614600825,-7.749307583763737,2024-02-27 17:37:46.607326,True
4,42.222234257668724,-7.750477373378006,2024-02-27 17:42:46.607326,True
4,42.222112507930156,-7.7495310298663345,2024-02-27 17:47:46.607326,True
4,42.22173515963178,-7.749432097472433,2024-02-27 17:52:46.607326,True
4,42.22228798790006,-7.749408621049422,2024-02-27 17:57:46.607326,True
4,42.22246636370908,-7.748577565843086,2024-02-27 18:02:46.607326,True
4,42.22265592955871,-7.749864773195627,2024-02-27 18:07:46.607326,True
4,42.22237763143363,-7.749391627181511,2024-02-27 18:12:46.607326,True
4,42.22208752060287,-7.74904260805894,2024-02-27 18:17:46.607326,True
4,42.222198051748535,-7.748690351176909,2024-02-27 18:22:46.607326,True
4,42.22213163329302,-7.749319303449783,2024-02-27 18:27:46.607326,True
4,42.22208378930744,-7.750385232050555,2024-02-27 18:32:46.607326,True
4,42.222541578602836,-7.748846440375903,2024-02-27 18:37:46.607326,True
4,42.222551515906815,-7.749956612491674,2024-02-27 18:42:46.607326,True
4,42.222387337796,-7.750358072331688,2024-02-27 18:47:46.607326,True
4,42.222710662084324,-7.749694004072912,2024-02-27 18:52:46.607326,True
4,42.22211612591593,-7.74899167048618,2024-02-27 18:57:46.607326,True
4,42.22192673849903,-7.749000852056869,2024-02-27 19:02:46.607326,True
4,42.22225832679577,-7.750174557349722,2024-02-27 19:07:46.607326,True
4,42.22211834607511,-7.748870785319708,2024-02-27 19:12:46.607326,True
4,42.2216450038658,-7.749156470298168,2024-02-27 19:17:46.607326,True
4,42.221981820332516,-7.7492762201414775,2024-02-27 19:22:46.607326,True
4,42.22219446071241,-7.7506249492985715,2024-02-27 19:27:46.607326,True
4,42.22235036032992,-7.7496134929409815,2024-02-27 19:32:46.607326,True
4,42.22255862946585,-7.7490529695359704,2024-02-27 19:37:46.607326,True
4,42.22254085335298,-7.7491910640683415,2024-02-27 19:42:46.607326,True
4,42.22151060915279,-7.749587132172281,2024-02-27 19:47:46.607326,True
4,42.22222571526878,-7.750230119195983,2024-02-27 19:52:46.607326,True
4,42.222227072760056,-7.748526745088718,2024-02-27 19:57:46.607326,True
4,42.22255814648662,-7.749882475208862,2024-02-27 20:02:46.607326,True
4,42.222004081195266,-7.7495091382641315,2024-02-27 20:07:46.607326,True
4,42.22259228742222,-7.748441857620969,2024-02-27 20:12:46.607326,True
4,42.22251691255592,-7.7500304168579826,2024-02-27 20:17:46.607326,True
4,42.22237464056852,-7.749498996738921,2024-02-27 20:22:46.607326,True
4,42.22256829926371,-7.749043295638698,2024-02-27 20:27:46.607326,True
4,42.2215695682044,-7.749543244541381,2024-02-27 20:32:46.607326,True
4,42.222344130982336,-7.749221360657711,2024-02-27 20:37:46.607326,True
4,42.22159814083632,-7.749052262779624,2024-02-27 20:42:46.607326,True
4,42.22170046858395,-7.749516630310516,2024-02-27 20:47:46.607326,True
4,42.22180959756669,-7.749278024942178,2024-02-27 20:52:46.607326,True
4,42.22183123605859,-7.749391198331759,2024-02-27 20:57:46.607326,True
4,42.22225378216497,-7.749299436912415,2024-02-27 21:02:46.607326,True
4,42.22206495707568,-7.750348554039326,2024-02-27 21:07:46.607326,True
4,42.222573007918456,-7.7491471577465845,2024-02-27 21:12:46.607326,True
4,42.22186178794981,-7.749490771897864,2024-02-27 21:17:46.607326,True
4,42.221801335977624,-7.749445551411305,2024-02-27 21:22:46.607326,True
4,42.222882318178385,-7.748831835505499,2024-02-27 21:27:46.607326,True
4,42.2225594014155,-7.749345792474671,2024-02-27 21:32:46.607326,True
4,42.22231342528183,-7.750027676890517,2024-02-27 21:37:46.607326,True
4,42.22246775941159,-7.749614327275723,2024-02-27 21:42:46.607326,True
4,42.22250666034392,-7.748465198130918,2024-02-27 21:47:46.607326,True
4,42.222317232464896,-7.7496251900638615,2024-02-27 21:52:46.607326,True
4,42.221564217441255,-7.74886880342249,2024-02-27 21:57:46.607326,True
4,42.22144543063355,-7.749174033438964,2024-02-27 22:02:46.607326,True
4,42.222325313891545,-7.7495775258296105,2024-02-27 22:07:46.607326,True
4,42.22167440930456,-7.749488912052712,2024-02-27 22:12:46.607326,True
4,42.221693177194346,-7.749340579021129,2024-02-27 22:17:46.607326,True
4,42.22248976943114,-7.748707589013686,2024-02-27 22:22:46.607326,True
4,42.221726145797895,-7.749080927718021,2024-02-27 22:27:46.607326,True
4,42.22216076247081,-7.750464663752479,2024-02-27 22:32:46.607326,True
4,42.22206823562216,-7.749327622073005,2024-02-27 22:37:46.607326,True
4,42.22148133943987,-7.749379579451997,2024-02-27 22:42:46.607326,True
4,42.22219474925133,-7.750567593470876,2024-02-27 22:47:46.607326,True
4,42.221750909266746,-7.749689128715943,2024-02-27 22:52:46.607326,True
4,42.222795548402196,-7.749162362459708,2024-02-27 22:57:46.607326,True
4,42.221946721673696,-7.749140473076252,2024-02-27 23:02:46.607326,True
4,42.222396970266274,-7.748838284283554,2024-02-27 23:07:46.607326,True
4,42.22132860255591,-7.7492935352627805,2024-02-27 23:12:46.607326,True
4,42.221895505519896,-7.748994592683806,2024-02-27 23:17:46.607326,True
4,42.2218712601422,-7.748778931951385,2024-02-27 23:22:46.607326,True
4,42.22228977716863,-7.748773292805672,2024-02-27 23:27:46.607326,True
4,42.22243677641605,-7.749190725600499,2024-02-27 23:32:46.607326,True
4,42.22243487794127,-7.750557363203668,2024-02-27 23:37:46.607326,True
4,42.22175118295447,-7.7492795811177455,2024-02-27 23:42:46.607326,True
4,42.22176919459986,-7.74889931594137,2024-02-27 23:47:46.607326,True
4,42.222658653344446,-7.74910173796926,2024-02-27 23:52:46.607326,True
4,42.222089661757884,-7.750492710473715,2024-02-27 23:57:46.607326,True
4,42.2223344796694,-7.74902491230896,2024-02-28 00:02:46.607326,True
4,42.222237326432726,-7.750202831702861,2024-02-28 00:07:46.607326,True
4,42.22163068578167,-7.749083880529574,2024-02-28 00:12:46.607326,True
4,42.22222895171739,-7.749380826967643,2024-02-28 00:17:46.607326,True
4,42.22200991397821,-7.750370838839867,2024-02-28 00:22:46.607326,True
4,42.22157317340694,-7.749275203226164,2024-02-28 00:27:46.607326,True
4,42.222336879708415,-7.750160746692639,2024-02-28 00:32:46.607326,True
4,42.22169053729065,-7.749177222954412,2024-02-28 00:37:46.607326,True
4,42.222022391875576,-7.7504952853095,2024-02-28 00:42:46.607326,True
4,42.22175261271351,-7.7495454572452,2024-02-28 00:47:46.607326,True
4,42.22205557173766,-7.750284414216636,2024-02-28 00:52:46.607326,True
4,42.22160007776358,-7.748946215629192,2024-02-28 00:57:46.607326,True
4,42.22149572573245,-7.7494478530566715,2024-02-28 01:02:46.607326,True
4,42.22282493878753,-7.7489543800770155,2024-02-28 01:07:46.607326,True
4,42.22131834670643,-7.749571076220659,2024-02-28 01:12:46.607326,True
5,42.22261942091443,-7.7488899620915035,2024-02-27 17:02:46.673329,True
5,42.22255572309818,-7.749474661080254,2024-02-27 17:07:46.673329,True
5,42.22149323347696,-7.749341846718714,2024-02-27 17:12:46.673329,True
5,42.22285309492333,-7.7491573624802745,2024-02-27 17:17:46.673329,True
5,42.22216042939986,-7.748966777893412,2024-02-27 17:22:46.673329,True
5,42.22257515697616,-7.750118985083851,2024-02-27 17:27:46.673329,True
5,42.222018999383245,-7.749321313161368,2024-02-27 17:32:46.673329,True
5,42.22150704905489,-7.749196611384491,2024-02-27 17:37:46.673329,True
5,42.22240026252,-7.749630219020278,2024-02-27 17:42:46.673329,True
5,42.22281088930209,-7.748557955923137,2024-02-27 17:47:46.673329,True
5,42.22203287227616,-7.748955361908668,2024-02-27 17:52:46.673329,True
5,42.22158750759884,-7.748877593389077,2024-02-27 17:57:46.673329,True
5,42.2222917369687,-7.7486677680033065,2024-02-27 18:02:46.673329,True
5,42.22253024801816,-7.749154293683874,2024-02-27 18:07:46.673329,True
5,42.22263412919195,-7.749964554037728,2024-02-27 18:12:46.673329,True
5,42.22150855032618,-7.7491108373754845,2024-02-27 18:17:46.673329,True
5,42.2222488619427,-7.748787600367473,2024-02-27 18:22:46.673329,True
5,42.22240612317872,-7.748656187158637,2024-02-27 18:27:46.673329,True
5,42.22210396289701,-7.750552866324447,2024-02-27 18:32:46.673329,True
5,42.22228273622487,-7.7499206556447735,2024-02-27 18:37:46.673329,True
5,42.22237728785894,-7.7495464269054315,2024-02-27 18:42:46.673329,True
5,42.22138950122569,-7.749358867548124,2024-02-27 18:47:46.673329,True
5,42.22236827830762,-7.748730822795887,2024-02-27 18:52:46.673329,True
5,42.22279026750318,-7.748849727535224,2024-02-27 18:57:46.673329,True
5,42.22176832079752,-7.7493729867842465,2024-02-27 19:02:46.673329,True
5,42.22262765110032,-7.748969817701519,2024-02-27 19:07:46.673329,True
5,42.222857742954766,-7.748726091218492,2024-02-27 19:12:46.673329,True
5,42.22176789031607,-7.749403507636927,2024-02-27 19:17:46.673329,True
5,42.22206753473978,-7.748809752087679,2024-02-27 19:22:46.673329,True
5,42.22263579691721,-7.749437430321805,2024-02-27 19:27:46.673329,True
5,42.22222323948972,-7.750071276983745,2024-02-27 19:32:46.673329,True
5,42.22141338408532,-7.749533596557435,2024-02-27 19:37:46.673329,True
5,42.2220620447611,-7.748637150352285,2024-02-27 19:42:46.673329,True
5,42.221598261797425,-7.749343311203678,2024-02-27 19:47:46.673329,True
5,42.22127228720047,-7.7495089477194306,2024-02-27 19:52:46.673329,True
5,42.22260530495701,-7.749968087509508,2024-02-27 19:57:46.673329,True
5,42.22174792193945,-7.749026586760633,2024-02-27 20:02:46.673329,True
5,42.221770075901446,-7.749116832567424,2024-02-27 20:07:46.673329,True
5,42.22162107159638,-7.749351969860323,2024-02-27 20:12:46.673329,True
5,42.22273405638432,-7.749528512743407,2024-02-27 20:17:46.673329,True
5,42.22174313386406,-7.749278736698121,2024-02-27 20:22:46.673329,True
5,42.22149606050197,-7.749447390413693,2024-02-27 20:27:46.673329,True
5,42.222378350135614,-7.749437652958172,2024-02-27 20:32:46.673329,True
5,42.22187571051418,-7.749422007094012,2024-02-27 20:37:46.673329,True
5,42.222540276839496,-7.748908563143069,2024-02-27 20:42:46.673329,True
5,42.22218110196749,-7.7500312327115,2024-02-27 20:47:46.673329,True
5,42.22207121886786,-7.748857196484913,2024-02-27 20:52:46.673329,True
5,42.22253349425425,-7.750015359110991,2024-02-27 20:57:46.673329,True
5,42.222333631148345,-7.74869276747963,2024-02-27 21:02:46.673329,True
5,42.221706726318224,-7.749169741262231,2024-02-27 21:07:46.673329,True
5,42.22160075622801,-7.749309193813687,2024-02-27 21:12:46.673329,True
5,42.22148797615132,-7.748990001172121,2024-02-27 21:17:46.673329,True
5,42.222059036154924,-7.7492916475348785,2024-02-27 21:22:46.673329,True
5,42.22146464285091,-7.74936212940845,2024-02-27 21:27:46.673329,True
5,42.222557641398296,-7.7496305741862965,2024-02-27 21:32:46.673329,True
5,42.22267286235371,-7.748686012901464,2024-02-27 21:37:46.673329,True
5,42.222600488480886,-7.749326365922951,2024-02-27 21:42:46.673329,True
5,42.22244915735183,-7.750507223601988,2024-02-27 21:47:46.673329,True
5,42.22171129687466,-7.748866391075301,2024-02-27 21:52:46.673329,True
5,42.22241317869682,-7.749376010493799,2024-02-27 21:57:46.673329,True
5,42.222709039588615,-7.749797565484852,2024-02-27 22:02:46.673329,True
5,42.2225472888008,-7.748417618484038,2024-02-27 22:07:46.673329,True
5,42.22164950520558,-7.749198785353107,2024-02-27 22:12:46.673329,True
5,42.22223769965018,-7.749112711000075,2024-02-27 22:17:46.673329,True
5,42.22270721338139,-7.748723416178946,2024-02-27 22:22:46.673329,True
5,42.2221011337768,-7.7491570203586235,2024-02-27 22:27:46.673329,True
5,42.22251917673499,-7.749951181647718,2024-02-27 22:32:46.673329,True
5,42.22227342851781,-7.750285147691206,2024-02-27 22:37:46.673329,True
5,42.222010895245035,-7.749166516411624,2024-02-27 22:42:46.673329,True
5,42.222652862726385,-7.749567525536006,2024-02-27 22:47:46.673329,True
5,42.222621672546374,-7.748811122899581,2024-02-27 22:52:46.673329,True
5,42.222786858064424,-7.748671998957347,2024-02-27 22:57:46.673329,True
5,42.22280241118058,-7.74856660088916,2024-02-27 23:02:46.673329,True
5,42.22248711265011,-7.748973254706634,2024-02-27 23:07:46.673329,True
5,42.221915694334484,-7.749443307873559,2024-02-27 23:12:46.673329,True
5,42.22215729488018,-7.749165941750867,2024-02-27 23:17:46.673329,True
5,42.222552799457866,-7.748334310204406,2024-02-27 23:22:46.673329,True
5,42.222444102266365,-7.748420327568576,2024-02-27 23:27:46.673329,True
5,42.22199755426502,-7.7493214779189445,2024-02-27 23:32:46.673329,True
5,42.22134695896177,-7.749357923959133,2024-02-27 23:37:46.673329,True
5,42.22213610286887,-7.7490757023512336,2024-02-27 23:42:46.673329,True
5,42.22278746286616,-7.748812284996859,2024-02-27 23:47:46.673329,True
5,42.22196028873076,-7.749449420634455,2024-02-27 23:52:46.673329,True
5,42.22186517751613,-7.749428421750951,2024-02-27 23:57:46.673329,True
5,42.22168099771783,-7.749645293436884,2024-02-28 00:02:46.673329,True
5,42.22207292156303,-7.749154294057173,2024-02-28 00:07:46.673329,True
5,42.222487488358944,-7.748300351603733,2024-02-28 00:12:46.673329,True
5,42.22165711536338,-7.749240491573762,2024-02-28 00:17:46.673329,True
5,42.22167210350855,-7.749359065615402,2024-02-28 00:22:46.673329,True
5,42.22168536394702,-7.74899492834094,2024-02-28 00:27:46.673329,True
5,42.22197671454398,-7.7491278401791766,2024-02-28 00:32:46.673329,True
5,42.22137458047889,-7.749394312946296,2024-02-28 00:37:46.673329,True
5,42.221493345133666,-7.749541705340051,2024-02-28 00:42:46.673329,True
5,42.222435289584546,-7.748667235523774,2024-02-28 00:47:46.673329,True
5,42.22226567344571,-7.749736674622812,2024-02-28 00:52:46.673329,True
5,42.22257540452834,-7.7487499917721445,2024-02-28 00:57:46.673329,True
5,42.22235614260259,-7.750053120065377,2024-02-28 01:02:46.673329,True
5,42.22217733545948,-7.749459704154802,2024-02-28 01:07:46.673329,True
5,42.22228520689822,-7.750674062942546,2024-02-28 01:12:46.673329,True
6,42.22250512803733,-7.749069770703747,2024-02-27 17:02:46.740335,True
6,42.22226026035291,-7.750470853809226,2024-02-27 17:07:46.740335,True
6,42.222589550587784,-7.750061176050281,2024-02-27 17:12:46.740335,True
6,42.22233801254678,-7.750384433420162,2024-02-27 17:17:46.740335,True
6,42.22279063179526,-7.749393975007215,2024-02-27 17:22:46.740335,True
6,42.22172010562556,-7.749063382486809,2024-02-27 17:27:46.740335,True
6,42.22139503355645,-7.7493599827334645,2024-02-27 17:32:46.740335,True
6,42.22231666594021,-7.749004979216932,2024-02-27 17:37:46.740335,True
6,42.22187688973053,-7.748979276754582,2024-02-27 17:42:46.740335,True
6,42.22237260865821,-7.749992761458651,2024-02-27 17:47:46.740335,True
6,42.22238194772335,-7.7492197086432935,2024-02-27 17:52:46.740335,True
6,42.2222148267732,-7.749276035237219,2024-02-27 17:57:46.740335,True
6,42.22215493978996,-7.749266524029726,2024-02-27 18:02:46.740335,True
6,42.22261975995158,-7.749513292387684,2024-02-27 18:07:46.740335,True
6,42.22178728247195,-7.749540257755816,2024-02-27 18:12:46.740335,True
6,42.22178452263028,-7.7487951704014675,2024-02-27 18:17:46.740335,True
6,42.22255715370058,-7.749069327881075,2024-02-27 18:22:46.740335,True
6,42.22184173389328,-7.749274889195885,2024-02-27 18:27:46.740335,True
6,42.2213827136783,-7.749215802433732,2024-02-27 18:32:46.740335,True
6,42.22262925257834,-7.749762738270925,2024-02-27 18:37:46.740335,True
6,42.22268099263979,-7.748950968059582,2024-02-27 18:42:46.740335,True
6,42.22271545864627,-7.748871359153536,2024-02-27 18:47:46.740335,True
6,42.22208698156372,-7.7486755028989895,2024-02-27 18:52:46.740335,True
6,42.22221596577711,-7.750110522165363,2024-02-27 18:57:46.740335,True
6,42.22255429296876,-7.7498493259994286,2024-02-27 19:02:46.740335,True
6,42.222688171440716,-7.7493499445732175,2024-02-27 19:07:46.740335,True
6,42.22221640524169,-7.749671214095018,2024-02-27 19:12:46.740335,True
6,42.22135334304394,-7.749274105994295,2024-02-27 19:17:46.740335,True
6,42.2227179763444,-7.749683240623364,2024-02-27 19:22:46.740335,True
6,42.22132912130306,-7.7493652946896265,2024-02-27 19:27:46.740335,True
6,42.22168772487318,-7.748832251853856,2024-02-27 19:32:46.740335,True
6,42.222088970792065,-7.750271002776766,2024-02-27 19:37:46.740335,True
6,42.22232965014418,-7.750122192386931,2024-02-27 19:42:46.740335,True
6,42.2222287194914,-7.749499851607766,2024-02-27 19:47:46.740335,True
6,42.22267499032562,-7.748660117570285,2024-02-27 19:52:46.740335,True
6,42.22129397918706,-7.7494612357919594,2024-02-27 19:57:46.740335,True
6,42.22267541214415,-7.749740072461898,2024-02-27 20:02:46.740335,True
6,42.222444713208084,-7.750448002718743,2024-02-27 20:07:46.740335,True
6,42.22261860900801,-7.749579939046519,2024-02-27 20:12:46.740335,True
6,42.221932083066356,-7.7494781327508795,2024-02-27 20:17:46.740335,True
6,42.22216720499944,-7.749309903021448,2024-02-27 20:22:46.740335,True
6,42.221814334312974,-7.749002839132848,2024-02-27 20:27:46.740335,True
6,42.221601375584676,-7.749403368547771,2024-02-27 20:32:46.740335,True
6,42.222358592465405,-7.749642786702526,2024-02-27 20:37:46.740335,True
6,42.221715700313766,-7.749163345218432,2024-02-27 20:42:46.740335,True
6,42.222226270131806,-7.748760415950284,2024-02-27 20:47:46.740335,True
6,42.221716735949435,-7.749714500513845,2024-02-27 20:52:46.740335,True
6,42.222149431304686,-7.750154455918211,2024-02-27 20:57:46.740335,True
6,42.22195880716564,-7.74947586728133,2024-02-27 21:02:46.740335,True
6,42.22262602708843,-7.749040715493371,2024-02-27 21:07:46.740335,True
6,42.22210395897052,-7.748730079658471,2024-02-27 21:12:46.740335,False
6,42.223769694197706,-7.748049180125688,2024-02-27 21:17:46.740335,True
6,42.21965942775412,-7.747638851125833,2024-02-27 21:22:46.740335,True
6,42.2192637158725,-7.746345909985585,2024-02-27 21:27:46.740335,True
6,42.21995187307764,-7.749758392245985,2024-02-27 21:32:46.740335,True
6,42.22042312288985,-7.7546536989547565,2024-02-27 21:37:46.740335,True
6,42.222626790119804,-7.748518514621025,2024-02-27 21:42:46.740335,False
6,42.229441988710064,-7.7548454771464685,2024-02-27 21:47:46.740335,True
6,42.22051532604383,-7.741653615851237,2024-02-27 21:52:46.740335,True
6,42.21720223339348,-7.750297811953239,2024-02-27 21:57:46.740335,True
6,42.22175373850145,-7.745272864263776,2024-02-27 22:02:46.740335,True
6,42.22079512873163,-7.741820189280431,2024-02-27 22:07:46.740335,True
6,42.21996599653771,-7.753126338241557,2024-02-27 22:12:46.740335,True
6,42.22455341746957,-7.75604130805314,2024-02-27 22:17:46.740335,True
6,42.22374551468919,-7.746492283193882,2024-02-27 22:22:46.740335,True
6,42.22085340326773,-7.753022980956748,2024-02-27 22:27:46.740335,True
6,42.23049113221907,-7.74911904502626,2024-02-27 22:32:46.740335,True
6,42.22200848143262,-7.753312137256865,2024-02-27 22:37:46.740335,True
6,42.218486765224725,-7.751479636617344,2024-02-27 22:42:46.740335,True
6,42.21921143170768,-7.744606784303899,2024-02-27 22:47:46.740335,True
6,42.22531960194253,-7.7485488552755255,2024-02-27 22:52:46.740335,True
6,42.223258370260275,-7.7470514583820025,2024-02-27 22:57:46.740335,True
6,42.22191666759514,-7.755288997928712,2024-02-27 23:02:46.740335,True
6,42.22537665545333,-7.756598565581159,2024-02-27 23:07:46.740335,True
6,42.22283176839503,-7.751201279789687,2024-02-27 23:12:46.740335,True
6,42.230304086076,-7.748420698871793,2024-02-27 23:17:46.740335,True
6,42.21768877926814,-7.756750303915005,2024-02-27 23:22:46.740335,True
6,42.22383892492428,-7.751975350554855,2024-02-27 23:27:46.740335,True
6,42.21512492221213,-7.7493389782443,2024-02-27 23:32:46.740335,True
6,42.21503314929488,-7.750591039274877,2024-02-27 23:37:46.740335,True
6,42.219217050473134,-7.751242262752191,2024-02-27 23:42:46.740335,True
6,42.22215005025903,-7.745413188978464,2024-02-27 23:47:46.740335,True
6,42.225159062239136,-7.752725508760263,2024-02-27 23:52:46.740335,True
6,42.223908445998596,-7.748105393610443,2024-02-27 23:57:46.740335,True
6,42.22398040159073,-7.744014791652323,2024-02-28 00:02:46.740335,True
6,42.224652987290966,-7.749126762159101,2024-02-28 00:07:46.740335,True
6,42.22014257870559,-7.751876401966131,2024-02-28 00:12:46.740335,True
6,42.217597233557576,-7.749416867015604,2024-02-28 00:17:46.740335,True
6,42.22303080304855,-7.7486820379902515,2024-02-28 00:22:46.740335,True
6,42.22760183497106,-7.743822027228613,2024-02-28 00:27:46.740335,True
6,42.22085764475506,-7.745945868249086,2024-02-28 00:32:46.740335,True
6,42.220761158069465,-7.751268345339376,2024-02-28 00:37:46.740335,True
6,42.21980333348919,-7.742431492363841,2024-02-28 00:42:46.740335,True
6,42.223270803202006,-7.740937759691356,2024-02-28 00:47:46.740335,True
6,42.22389030508878,-7.752728686178252,2024-02-28 00:52:46.740335,True
6,42.21380295963516,-7.754663962582766,2024-02-28 00:57:46.740335,True
6,42.218474865676846,-7.752388234164971,2024-02-28 01:02:46.740335,True
6,42.2282461925931,-7.744154353210894,2024-02-28 01:07:46.740335,True
6,42.22915551071752,-7.752772776491658,2024-02-28 01:12:46.740335,True
7,42.22249308923728,-7.7484133554675365,2024-02-27 17:02:46.803340,True
7,42.22218830015311,-7.750158066309843,2024-02-27 17:07:46.803340,True
7,42.22217767252837,-7.750071230812242,2024-02-27 17:12:46.803340,True
7,42.22275689942416,-7.749582217487738,2024-02-27 17:17:46.803340,True
7,42.222519739302804,-7.7490808796595525,2024-02-27 17:22:46.803340,True
7,42.22206257050979,-7.750264278529928,2024-02-27 17:27:46.803340,True
7,42.22168102524968,-7.749678961563419,2024-02-27 17:32:46.803340,True
7,42.22239717561635,-7.748684940437953,2024-02-27 17:37:46.803340,True
7,42.222369532543766,-7.74847788343465,2024-02-27 17:42:46.803340,True
7,42.22220135614665,-7.750178205115783,2024-02-27 17:47:46.803340,True
7,42.22183678914344,-7.749487155048506,2024-02-27 17:52:46.803340,True
7,42.22240772306869,-7.749452886384065,2024-02-27 17:57:46.803340,True
7,42.22164061808369,-7.748815661384108,2024-02-27 18:02:46.803340,True
7,42.22221304777357,-7.750533632458573,2024-02-27 18:07:46.803340,True
7,42.222409757093494,-7.748993299560289,2024-02-27 18:12:46.803340,True
7,42.22222791398479,-7.7490776345274845,2024-02-27 18:17:46.803340,True
7,42.22233320922429,-7.750634490990641,2024-02-27 18:22:46.803340,True
7,42.221815565417025,-7.749291680692672,2024-02-27 18:27:46.803340,True
7,42.22214813113948,-7.749235590075492,2024-02-27 18:32:46.803340,True
7,42.22264929464111,-7.748922972159709,2024-02-27 18:37:46.803340,True
7,42.222279402953724,-7.749629224126675,2024-02-27 18:42:46.803340,True
7,42.22159612004071,-7.749240080002002,2024-02-27 18:47:46.803340,True
7,42.22204494915271,-7.748995939893914,2024-02-27 18:52:46.803340,True
7,42.22266500938723,-7.748516504944362,2024-02-27 18:57:46.803340,True
7,42.22237472684148,-7.750477554287075,2024-02-27 19:02:46.803340,True
7,42.222415362318316,-7.750490041936446,2024-02-27 19:07:46.803340,True
7,42.222202589486855,-7.749002031822333,2024-02-27 19:12:46.803340,True
7,42.22234715424745,-7.750076707139642,2024-02-27 19:17:46.803340,True
7,42.221395977925916,-7.749130615694748,2024-02-27 19:22:46.803340,True
7,42.222182013455864,-7.749069131539197,2024-02-27 19:27:46.803340,True
7,42.22225304977266,-7.748956590282587,2024-02-27 19:32:46.803340,True
7,42.22198827844671,-7.749159308477018,2024-02-27 19:37:46.803340,True
7,42.22159757724115,-7.749239886168556,2024-02-27 19:42:46.803340,True
7,42.22237137060856,-7.749060253661639,2024-02-27 19:47:46.803340,True
7,42.2222769684693,-7.748689133961403,2024-02-27 19:52:46.803340,True
7,42.22265993013533,-7.749327785073685,2024-02-27 19:57:46.803340,True
7,42.22221670232683,-7.750618102734844,2024-02-27 20:02:46.803340,True
7,42.22254523329195,-7.748640439611899,2024-02-27 20:07:46.803340,True
7,42.22219611255917,-7.749366867400764,2024-02-27 20:12:46.803340,True
7,42.222366941959855,-7.749556561671035,2024-02-27 20:17:46.803340,True
7,42.22283029035082,-7.7488157590368285,2024-02-27 20:22:46.803340,True
7,42.22291263889517,-7.7488854265317695,2024-02-27 20:27:46.803340,True
7,42.22193777451689,-7.748889612386723,2024-02-27 20:32:46.803340,True
7,42.22275680415977,-7.748666410405868,2024-02-27 20:37:46.803340,True
7,42.22214506413654,-7.749391481957585,2024-02-27 20:42:46.803340,True
7,42.22270325629655,-7.749464981380898,2024-02-27 20:47:46.803340,True
7,42.2228283778564,-7.748580403306341,2024-02-27 20:52:46.803340,True
7,42.22217474006438,-7.750196189600053,2024-02-27 20:57:46.803340,True
7,42.22275380600793,-7.748922717975248,2024-02-27 21:02:46.803340,True
7,42.222373041623555,-7.750202255517822,2024-02-27 21:07:46.803340,True
7,42.222606698957314,-7.748497196783391,2024-02-27 21:12:46.803340,True
7,42.22238753361137,-7.7489049503833005,2024-02-27 21:17:46.803340,True
7,42.221828275983334,-7.749153090201025,2024-02-27 21:22:46.803340,True
7,42.22127164198809,-7.749387086408033,2024-02-27 21:27:46.803340,True
7,42.22197873373115,-7.749517045119196,2024-02-27 21:32:46.803340,True
7,42.22245484709555,-7.750419201733373,2024-02-27 21:37:46.803340,True
7,42.22235835473361,-7.7491084250875515,2024-02-27 21:42:46.803340,True
7,42.222248184157294,-7.749965981950159,2024-02-27 21:47:46.803340,True
7,42.22142995464597,-7.749448045899609,2024-02-27 21:52:46.803340,True
7,42.222105007978755,-7.7501626258008045,2024-02-27 21:57:46.803340,True
7,42.221945784031696,-7.749215250446238,2024-02-27 22:02:46.803340,True
7,42.22170634277134,-7.749199711436857,2024-02-27 22:07:46.803340,True
7,42.22205496732612,-7.74956506154575,2024-02-27 22:12:46.803340,True
7,42.221521760605356,-7.749132293979893,2024-02-27 22:17:46.803340,True
7,42.22266392195267,-7.748561128251739,2024-02-27 22:22:46.803340,True
7,42.22169206873173,-7.749664476838722,2024-02-27 22:27:46.803340,True
7,42.22146326146961,-7.749087145782528,2024-02-27 22:32:46.803340,True
7,42.222785590073656,-7.748707922126084,2024-02-27 22:37:46.803340,True
7,42.222294118630806,-7.749844404940311,2024-02-27 22:42:46.803340,True
7,42.22204743806185,-7.750467400613112,2024-02-27 22:47:46.803340,True
7,42.2213788801459,-7.749143074135973,2024-02-27 22:52:46.803340,True
7,42.22201607123386,-7.74915839060743,2024-02-27 22:57:46.803340,True
7,42.222070216485854,-7.7495800799784424,2024-02-27 23:02:46.803340,True
7,42.22184138616647,-7.749196102688059,2024-02-27 23:07:46.803340,True
7,42.222292130819284,-7.749269720292022,2024-02-27 23:12:46.803340,True
7,42.22154429633207,-7.749256697096913,2024-02-27 23:17:46.803340,True
7,42.22256255755874,-7.748934180294592,2024-02-27 23:22:46.803340,True
7,42.2212657638439,-7.749424423609168,2024-02-27 23:27:46.803340,True
7,42.222324640605954,-7.750265040964223,2024-02-27 23:32:46.803340,True
7,42.222237809120955,-7.74968806941411,2024-02-27 23:37:46.803340,True
7,42.22161862849534,-7.749509555024995,2024-02-27 23:42:46.803340,True
7,42.221343093535175,-7.749521762285828,2024-02-27 23:47:46.803340,True
7,42.22182764673289,-7.749256270085444,2024-02-27 23:52:46.803340,True
7,42.22198228238905,-7.750493167251932,2024-02-27 23:57:46.803340,True
7,42.22189282257079,-7.749057337330197,2024-02-28 00:02:46.803340,True
7,42.22167183925066,-7.749731077127517,2024-02-28 00:07:46.803340,True
7,42.222254561396824,-7.7488784168949145,2024-02-28 00:12:46.803340,True
7,42.22237848287042,-7.74843412537627,2024-02-28 00:17:46.803340,True
7,42.22238802353093,-7.7494312300144,2024-02-28 00:22:46.803340,True
7,42.22212734628345,-7.749493881248449,2024-02-28 00:27:46.803340,True
7,42.222384487399715,-7.749275368533844,2024-02-28 00:32:46.803340,True
7,42.22256320205108,-7.749249172594112,2024-02-28 00:37:46.803340,True
7,42.2215593389005,-7.749053408438615,2024-02-28 00:42:46.803340,True
7,42.22231665853934,-7.748520981595401,2024-02-28 00:47:46.803340,True
7,42.22270795047043,-7.748447299558819,2024-02-28 00:52:46.803340,True
7,42.22200583466424,-7.749489988814752,2024-02-28 00:57:46.803340,True
7,42.22275796526768,-7.749023860597397,2024-02-28 01:02:46.803340,True
7,42.222261591769524,-7.749613237702497,2024-02-28 01:07:46.803340,True
7,42.22236180949687,-7.748716597799389,2024-02-28 01:12:46.803340,True
8,42.221795006602605,-7.749345936919754,2024-02-27 17:02:46.878346,True
8,42.22261860824817,-7.749925869815015,2024-02-27 17:07:46.878346,True
8,42.221389524147554,-7.749616697389817,2024-02-27 17:12:46.878346,True
8,42.22243461495691,-7.7503792262475155,2024-02-27 17:17:46.878346,True
8,42.22241413993588,-7.750324933925931,2024-02-27 17:22:46.878346,True
8,42.22243014313964,-7.749576686215275,2024-02-27 17:27:46.878346,True
8,42.22177180883818,-7.749136870698494,2024-02-27 17:32:46.878346,True
8,42.22217827380686,-7.748616229205961,2024-02-27 17:37:46.878346,True
8,42.22189383032521,-7.749156723163484,2024-02-27 17:42:46.878346,True
8,42.22212814988083,-7.750393690197107,2024-02-27 17:47:46.878346,True
8,42.22164968132111,-7.748915775196081,2024-02-27 17:52:46.878346,True
8,42.22222595651709,-7.748994897965886,2024-02-27 17:57:46.878346,True
8,42.222473015109095,-7.7500049928707035,2024-02-27 18:02:46.878346,True
8,42.22215014462866,-7.750364286069029,2024-02-27 18:07:46.878346,True
8,42.22233441168977,-7.748852310213911,2024-02-27 18:12:46.878346,True
8,42.22223257498212,-7.749389494230637,2024-02-27 18:17:46.878346,True
8,42.22175206177157,-7.749237413970903,2024-02-27 18:22:46.878346,True
8,42.22177066164339,-7.7493622154729405,2024-02-27 18:27:46.878346,True
8,42.222327419342434,-7.748813419550682,2024-02-27 18:32:46.878346,True
8,42.22214524351366,-7.749584001193774,2024-02-27 18:37:46.878346,True
8,42.222377334365135,-7.7499032230545986,2024-02-27 18:42:46.878346,True
8,42.22175856975003,-7.748870897327711,2024-02-27 18:47:46.878346,True
8,42.22199607727339,-7.748731091029181,2024-02-27 18:52:46.878346,True
8,42.22176696610201,-7.749656309316896,2024-02-27 18:57:46.878346,True
8,42.222348864360306,-7.748831721130481,2024-02-27 19:02:46.878346,True
8,42.22249319067188,-7.7496991850983425,2024-02-27 19:07:46.878346,True
8,42.22245495353185,-7.7504609558019855,2024-02-27 19:12:46.878346,True
8,42.222090800253426,-7.750558534728045,2024-02-27 19:17:46.878346,True
8,42.22259233794932,-7.748710424054734,2024-02-27 19:22:46.878346,True
8,42.2223006006983,-7.7486760682988045,2024-02-27 19:27:46.878346,True
8,42.22185060618081,-7.749502716266509,2024-02-27 19:32:46.878346,True
8,42.22141249639361,-7.749606459405077,2024-02-27 19:37:46.878346,True
8,42.22222435396043,-7.750378613270992,2024-02-27 19:42:46.878346,True
8,42.221945505224184,-7.748943446409293,2024-02-27 19:47:46.878346,True
8,42.22227003381932,-7.748603759343162,2024-02-27 19:52:46.878346,True
8,42.22228596275206,-7.749950637655332,2024-02-27 19:57:46.878346,True
8,42.22143217447656,-7.749498627341316,2024-02-27 20:02:46.878346,True
8,42.22287422304525,-7.748660672083495,2024-02-27 20:07:46.878346,True
8,42.222408092113554,-7.748630295860405,2024-02-27 20:12:46.878346,True
8,42.22216434252143,-7.748570569777137,2024-02-27 20:17:46.878346,True
8,42.22214979057753,-7.7490146263660025,2024-02-27 20:22:46.878346,True
8,42.222921541523924,-7.748794379996215,2024-02-27 20:27:46.878346,True
8,42.222659195331026,-7.749283675131418,2024-02-27 20:32:46.878346,True
8,42.22141400514855,-7.749188839455221,2024-02-27 20:37:46.878346,True
8,42.22156274069669,-7.749153340955826,2024-02-27 20:42:46.878346,True
8,42.22155911128009,-7.749575521093654,2024-02-27 20:47:46.878346,True
8,42.22216714736795,-7.749634790920103,2024-02-27 20:52:46.878346,True
8,42.22222975684285,-7.7503571507066304,2024-02-27 20:57:46.878346,True
8,42.22248355058119,-7.749415346352289,2024-02-27 21:02:46.878346,True
8,42.22255159122102,-7.748392287387194,2024-02-27 21:07:46.878346,True
8,42.222377865416696,-7.750222171755849,2024-02-27 21:12:46.878346,True
8,42.22248069714595,-7.749882109949116,2024-02-27 21:17:46.878346,True
8,42.22258474173603,-7.74980549448608,2024-02-27 21:22:46.878346,True
8,42.22198996570477,-7.74904526343472,2024-02-27 21:27:46.878346,True
8,42.222862762644674,-7.749005924747956,2024-02-27 21:32:46.878346,True
8,42.22145204001905,-7.749235330587321,2024-02-27 21:37:46.878346,True
8,42.22267225004339,-7.749136148392521,2024-02-27 21:42:46.878346,True
8,42.221220251780764,-7.749537674179057,2024-02-27 21:47:46.878346,True
8,42.222293557286676,-7.749376190196345,2024-02-27 21:52:46.878346,True
8,42.22156582286534,-7.74906639376557,2024-02-27 21:57:46.878346,True
8,42.22271590975169,-7.7488080637787595,2024-02-27 22:02:46.878346,True
8,42.22200380377364,-7.749211502516437,2024-02-27 22:07:46.878346,True
8,42.22180335315151,-7.749037892907705,2024-02-27 22:12:46.878346,True
8,42.222584608907404,-7.748800038528748,2024-02-27 22:17:46.878346,True
8,42.22290611984717,-7.7486393701869565,2024-02-27 22:22:46.878346,True
8,42.22172774793877,-7.749217605927904,2024-02-27 22:27:46.878346,True
8,42.22244013129199,-7.748699960324055,2024-02-27 22:32:46.878346,True
8,42.221404297704815,-7.749456029351968,2024-02-27 22:37:46.878346,True
8,42.22246042784708,-7.7492638986542515,2024-02-27 22:42:46.878346,True
8,42.221570713973215,-7.74957125745092,2024-02-27 22:47:46.878346,True
8,42.222326897457556,-7.74868833471974,2024-02-27 22:52:46.878346,True
8,42.221777720277764,-7.748914326009303,2024-02-27 22:57:46.878346,True
8,42.22218091869847,-7.750250105489681,2024-02-27 23:02:46.878346,True
8,42.22165326936942,-7.749622647469965,2024-02-27 23:07:46.878346,True
8,42.22201153163458,-7.749109304668554,2024-02-27 23:12:46.878346,True
8,42.22263998297689,-7.7492013913017725,2024-02-27 23:17:46.878346,True
8,42.22214490318797,-7.7490369380722965,2024-02-27 23:22:46.878346,True
8,42.22246422325108,-7.749068319518155,2024-02-27 23:27:46.878346,True
8,42.221723939992565,-7.749210320973811,2024-02-27 23:32:46.878346,True
8,42.221652959033776,-7.749610529798467,2024-02-27 23:37:46.878346,True
8,42.22217507922909,-7.750295825735958,2024-02-27 23:42:46.878346,True
8,42.22238761668422,-7.749126013300824,2024-02-27 23:47:46.878346,True
8,42.22227158128693,-7.749864342123915,2024-02-27 23:52:46.878346,True
8,42.22192060672368,-7.749127155550879,2024-02-27 23:57:46.878346,True
8,42.22196380805079,-7.749253127680243,2024-02-28 00:02:46.878346,True
8,42.22209068538975,-7.748945088739128,2024-02-28 00:07:46.878346,True
8,42.22161451524747,-7.749367547458088,2024-02-28 00:12:46.878346,True
8,42.222129254787696,-7.749454568246477,2024-02-28 00:17:46.878346,True
8,42.222336641562755,-7.749620607506831,2024-02-28 00:22:46.878346,True
8,42.22245228674401,-7.749800884284648,2024-02-28 00:27:46.878346,True
8,42.22203385194635,-7.749190303885902,2024-02-28 00:32:46.878346,True
8,42.222107214289395,-7.748890549126877,2024-02-28 00:37:46.878346,True
8,42.22240173135568,-7.749072400699963,2024-02-28 00:42:46.878346,True
8,42.22280588184023,-7.748910761163,2024-02-28 00:47:46.878346,True
8,42.2217151471177,-7.749121566324759,2024-02-28 00:52:46.878346,True
8,42.22206657750894,-7.7504057762157,2024-02-28 00:57:46.878346,True
8,42.2226155186838,-7.748962538867558,2024-02-28 01:02:46.878346,True
8,42.22241489156436,-7.750342093925116,2024-02-28 01:07:46.878346,True
8,42.22277495503532,-7.749093126213076,2024-02-28 01:12:46.878346,True
9,42.222047627951014,-7.749458472859862,2024-02-27 17:02:46.948350,True
9,42.221788038347015,-7.748760979832336,2024-02-27 17:07:46.948350,True
9,42.22271960735924,-7.748979150169401,2024-02-27 17:12:46.948350,True
9,42.222721013120115,-7.748867170013399,2024-02-27 17:17:46.948350,True
9,42.22257518717634,-7.7497095261487265,2024-02-27 17:22:46.948350,True
9,42.221641666721546,-7.7494460453148815,2024-02-27 17:27:46.948350,True
9,42.22172270703051,-7.749346424723622,2024-02-27 17:32:46.948350,True
9,42.222406584384714,-7.750013087607337,2024-02-27 17:37:46.948350,True
9,42.2221900759104,-7.750057431440011,2024-02-27 17:42:46.948350,True
9,42.222199289029504,-7.748750831887536,2024-02-27 17:47:46.948350,True
9,42.22267817133245,-7.748625036609639,2024-02-27 17:52:46.948350,True
9,42.22240986180534,-7.749123924382332,2024-02-27 17:57:46.948350,True
9,42.222679302120866,-7.748546989339318,2024-02-27 18:02:46.948350,True
9,42.22216087199771,-7.748622958779299,2024-02-27 18:07:46.948350,True
9,42.22242249678675,-7.748869117955931,2024-02-27 18:12:46.948350,True
9,42.22156531521728,-7.749156928344778,2024-02-27 18:17:46.948350,True
9,42.22225543396261,-7.7503974577074715,2024-02-27 18:22:46.948350,True
9,42.22262885585297,-7.749897552570925,2024-02-27 18:27:46.948350,True
9,42.22244350558769,-7.749223065852101,2024-02-27 18:32:46.948350,True
9,42.221926810201495,-7.748875096429236,2024-02-27 18:37:46.948350,True
9,42.22223172378536,-7.749394312977617,2024-02-27 18:42:46.948350,True
9,42.221735405452556,-7.748994842032935,2024-02-27 18:47:46.948350,True
9,42.2217431750375,-7.749492060629107,2024-02-27 18:52:46.948350,True
9,42.22156101691669,-7.749206144681911,2024-02-27 18:57:46.948350,True
9,42.22149089760404,-7.748923403532779,2024-02-27 19:02:46.948350,True
9,42.221898790901584,-7.7493103131687775,2024-02-27 19:07:46.948350,True
9,42.222488194956334,-7.749957803690231,2024-02-27 19:12:46.948350,True
9,42.22235273274159,-7.749041460422113,2024-02-27 19:17:46.948350,True
9,42.22235273090947,-7.750697658558717,2024-02-27 19:22:46.948350,True
9,42.2226831556812,-7.748613930014405,2024-02-27 19:27:46.948350,True
9,42.22280612659212,-7.74892358506525,2024-02-27 19:32:46.948350,True
9,42.22228401588669,-7.749305983815727,2024-02-27 19:37:46.948350,True
9,42.22183613798623,-7.749291978975565,2024-02-27 19:42:46.948350,True
9,42.22235565990484,-7.749728009980058,2024-02-27 19:47:46.948350,True
9,42.22189463166642,-7.749187776149013,2024-02-27 19:52:46.948350,True
9,42.22197814597876,-7.749150320864908,2024-02-27 19:57:46.948350,True
9,42.22226502377702,-7.749633668940281,2024-02-27 20:02:46.948350,True
9,42.22239801425742,-7.749719912146008,2024-02-27 20:07:46.948350,True
9,42.22250112883441,-7.748822329624435,2024-02-27 20:12:46.948350,True
9,42.22245122486179,-7.749218107927947,2024-02-27 20:17:46.948350,True
9,42.22291407602703,-7.748731367338174,2024-02-27 20:22:46.948350,True
9,42.222903118023645,-7.748734997475533,2024-02-27 20:27:46.948350,True
9,42.22180173945259,-7.7488744539278835,2024-02-27 20:32:46.948350,True
9,42.22281362879623,-7.7485417071844545,2024-02-27 20:37:46.948350,True
9,42.2224921985649,-7.748882466696103,2024-02-27 20:42:46.948350,True
9,42.222039506189574,-7.748847074733771,2024-02-27 20:47:46.948350,True
9,42.221223918682945,-7.74948716798164,2024-02-27 20:52:46.948350,True
9,42.22266695044159,-7.748853018855412,2024-02-27 20:57:46.948350,True
9,42.2224765048351,-7.749333186864076,2024-02-27 21:02:46.948350,True
9,42.2223524683445,-7.749991064005243,2024-02-27 21:07:46.948350,True
9,42.2221453972242,-7.749293453536402,2024-02-27 21:12:46.948350,True
9,42.222297220434484,-7.748821820855454,2024-02-27 21:17:46.948350,True
9,42.22162339094786,-7.749357705467312,2024-02-27 21:22:46.948350,True
9,42.222214392289175,-7.749402818582582,2024-02-27 21:27:46.948350,True
9,42.222182826887746,-7.749477400638668,2024-02-27 21:32:46.948350,True
9,42.22259488689465,-7.748810831214971,2024-02-27 21:37:46.948350,True
9,42.222330676750424,-7.74850551644934,2024-02-27 21:42:46.948350,True
9,42.221497654214105,-7.7492453798010805,2024-02-27 21:47:46.948350,True
9,42.22202216120388,-7.749346285963999,2024-02-27 21:52:46.948350,True
9,42.22190966918554,-7.749299368838048,2024-02-27 21:57:46.948350,True
9,42.22212637790619,-7.748785734973028,2024-02-27 22:02:46.948350,True
9,42.22197043790974,-7.749439227021166,2024-02-27 22:07:46.948350,True
9,42.222162009836694,-7.748930960344545,2024-02-27 22:12:46.948350,True
9,42.2222378270871,-7.74909895762123,2024-02-27 22:17:46.948350,True
9,42.22259218335085,-7.7493779887053185,2024-02-27 22:22:46.948350,True
9,42.22274611016387,-7.749352046981041,2024-02-27 22:27:46.948350,True
9,42.22173821170093,-7.74966058088527,2024-02-27 22:32:46.948350,True
9,42.2222420535741,-7.74892546182709,2024-02-27 22:37:46.948350,True
9,42.22206612424857,-7.749196918364256,2024-02-27 22:42:46.948350,True
9,42.22204039399583,-7.750505173443704,2024-02-27 22:47:46.948350,True
9,42.22217780644611,-7.750478082448198,2024-02-27 22:52:46.948350,True
9,42.222563118234504,-7.749038495544674,2024-02-27 22:57:46.948350,True
9,42.22135936612247,-7.749460495094401,2024-02-27 23:02:46.948350,True
9,42.22237151786446,-7.749653404404122,2024-02-27 23:07:46.948350,True
9,42.22214815086071,-7.750291855960992,2024-02-27 23:12:46.948350,True
9,42.22223826320623,-7.750383597290886,2024-02-27 23:17:46.948350,True
9,42.22147581796721,-7.749620774855972,2024-02-27 23:22:46.948350,True
9,42.22252717692031,-7.7498948559767555,2024-02-27 23:27:46.948350,True
9,42.2224223373213,-7.7485964313580675,2024-02-27 23:32:46.948350,True
9,42.22238924220985,-7.7499133666972355,2024-02-27 23:37:46.948350,True
9,42.22256933720179,-7.74921989924972,2024-02-27 23:42:46.948350,True
9,42.22180972148062,-7.749183647124404,2024-02-27 23:47:46.948350,True
9,42.22249957051564,-7.749776879092371,2024-02-27 23:52:46.948350,True
9,42.22213048810531,-7.749050714695622,2024-02-27 23:57:46.948350,True
9,42.222437002243375,-7.750122441495579,2024-02-28 00:02:46.948350,True
9,42.22188426718292,-7.748904763053947,2024-02-28 00:07:46.948350,True
9,42.22269185423701,-7.7491953432857485,2024-02-28 00:12:46.948350,True
9,42.22170569155386,-7.749670004506405,2024-02-28 00:17:46.948350,True
9,42.2225429925544,-7.749485578163187,2024-02-28 00:22:46.948350,True
9,42.22202444918388,-7.748674433178313,2024-02-28 00:27:46.948350,True
9,42.221390305567134,-7.749283168685558,2024-02-28 00:32:46.948350,True
9,42.22243523710071,-7.750270058048059,2024-02-28 00:37:46.948350,True
9,42.222517317939676,-7.74829667194062,2024-02-28 00:42:46.948350,True
9,42.222380227467326,-7.749959725164579,2024-02-28 00:47:46.948350,True
9,42.222739431675215,-7.748929903106759,2024-02-28 00:52:46.948350,True
9,42.22242731498065,-7.748936793485017,2024-02-28 00:57:46.948350,True
9,42.222267425833174,-7.7495225702226245,2024-02-28 01:02:46.948350,True
9,42.222081594022214,-7.748812023178012,2024-02-28 01:07:46.948350,True
9,42.22271927870961,-7.749516274565555,2024-02-28 01:12:46.948350,True
