Numero_pendiente,IdUsuario,Fecha_nacimiento,idNumeroPendienteMadre,idUsuarioMadre,nota,segundos_pastando,segundos_descansando,segundos_caminando
3732,1,2005-11-05,,0,Salud excelente,520,300,1160
4264,1,2006-01-31,4337.0,1,Salud excelente,570,400,1010
5859,1,2010-01-20,3745.0,1,,670,390,920
8891,1,2007-12-07,5735.0,1,Salud excelente,620,490,870
5373,1,2004-08-28,9736.0,1,Requiere atención,500,530,950
6874,1,2001-06-21,7687.0,1,Vaca líder,580,390,1010
7744,1,2007-12-03,,0,Requiere atención,550,430,1000
4468,1,2005-10-21,1714.0,1,Requiere atención,460,450,1070
1705,1,2007-09-26,,0,Requiere atención,420,320,1230
3599,1,2005-04-24,,0,,550,300,1130
